date,tag,downloads
2026-08-12,TOTAL,0
2026-08-12,
2026-08-13,TOTAL,0
2026-08-13,
2026-08-14,TOTAL,0
2026-08-14,
2026-08-15,TOTAL,0
2026-08-15,
2026-08-16,TOTAL,0
2026-08-16,
2026-08-17,TOTAL,0
2026-08-17,
2026-08-18,TOTAL,0
2026-08-18,
2026-08-19,TOTAL,0
2026-08-19,
2026-08-20,TOTAL,0
2026-08-20,
2026-08-21,TOTAL,0
2026-08-21,
2026-08-22,TOTAL,0
2026-08-22,
2026-08-23,TOTAL,0
2026-08-23,
2026-08-24,TOTAL,0
2026-08-24,
2026-08-25,TOTAL,0
2026-08-25,
2026-08-26,TOTAL,0
2026-08-26,
2026-08-27,TOTAL,0
2026-08-27,
2026-08-28,TOTAL,0
2026-08-28,
2026-08-29,TOTAL,0
2026-08-29,
2026-08-30,TOTAL,0
2026-08-30,
2026-08-31,TOTAL,0
2026-08-31,
2026-09-01,TOTAL,0
2026-09-01,
2026-09-02,TOTAL,0
2026-09-02,
2026-09-03,TOTAL,0
2026-09-03,
2026-09-04,TOTAL,0
2026-09-04,
2026-09-05,TOTAL,0
2026-09-05,
2026-09-06,TOTAL,0
2026-09-06,
2026-09-07,TOTAL,0
2026-09-07,
